{"stats":{"minecraft:mined":{"minecraft:tuff":12,"minecraft:glass_pane":1,"minecraft:mossy_cobblestone":1,"minecraft:deepslate_diamond_ore":5,"minecraft:cobblestone_stairs":2,"minecraft:crafting_table":3,"minecraft:torch":1,"minecraft:short_grass":12,"minecraft:blast_furnace":1,"minecraft:grass_block":12,"minecraft:chest":3,"minecraft:campfire":1,"minecraft:cobblestone":7,"minecraft:tall_grass":1,"minecraft:sugar_cane":1,"minecraft:oak_planks":7,"minecraft:wall_torch":2,"minecraft:white_terracotta":2,"minecraft:hay_block":20,"minecraft:smooth_stone":8,"minecraft:raw_iron_block":1,"minecraft:barrel":1,"minecraft:yellow_bed":4,"minecraft:oak_log":36,"minecraft:coal_ore":36,"minecraft:deepslate_iron_ore":37,"minecraft:oak_stairs":2,"minecraft:dirt":8,"minecraft:stripped_oak_log":3,"minecraft:stone":22,"minecraft:deepslate":8,"minecraft:oak_leaves":10},"minecraft:killed_by":{"minecraft:skeleton":6,"minecraft:creeper":1,"minecraft:zombie":1},"minecraft:used":{"minecraft:stone_sword":23,"minecraft:stone_pickaxe":119,"minecraft:oak_planks":6,"minecraft:chest":4,"minecraft:wooden_pickaxe":13,"minecraft:white_terracotta":2,"minecraft:torch":139,"minecraft:mossy_cobblestone":1,"minecraft:dirt":11,"minecraft:crafting_table":5,"minecraft:campfire":1,"minecraft:oak_log":3,"minecraft:bread":10,"minecraft:iron_pickaxe":13,"minecraft:stone_axe":81,"minecraft:cobblestone":11,"minecraft:yellow_bed":4,"minecraft:smooth_stone":5},"minecraft:custom":{"minecraft:interact_with_furnace":2,"minecraft:mob_kills":19,"minecraft:interact_with_crafting_table":19,"minecraft:open_barrel":1,"minecraft:interact_with_campfire":18,"minecraft:leave_game":1,"minecraft:time_since_death":0,"minecraft:sleep_in_bed":6,"minecraft:time_since_rest":542,"minecraft:sprint_one_cm":220231,"minecraft:damage_taken":3921,"minecraft:walk_one_cm":161138,"minecraft:damage_dealt":1973,"minecraft:swim_one_cm":5416,"minecraft:fly_one_cm":280563,"minecraft:open_chest":43,"minecraft:crouch_one_cm":3100,"minecraft:play_time":71834,"minecraft:deaths":12,"minecraft:sneak_time":1319,"minecraft:walk_under_water_one_cm":6372,"minecraft:jump":1335,"minecraft:walk_on_water_one_cm":13408,"minecraft:total_world_time":71834,"minecraft:fall_one_cm":50447},"minecraft:crafted":{"minecraft:oak_planks":72,"minecraft:raw_iron":9,"minecraft:crafting_table":2,"minecraft:wooden_pickaxe":1,"minecraft:campfire":1,"minecraft:stone_axe":1,"minecraft:bread":60,"minecraft:stick":44,"minecraft:iron_ingot":9,"minecraft:stone_pickaxe":1,"minecraft:stone_sword":1,"minecraft:chest":2,"minecraft:torch":88,"minecraft:wheat":180},"minecraft:picked_up":{"minecraft:stripped_oak_log":3,"minecraft:charcoal":2,"minecraft:crafting_table":4,"minecraft:wheat":45,"minecraft:cooked_beef":18,"minecraft:salmon":2,"minecraft:leather":14,"minecraft:wooden_pickaxe":2,"minecraft:oak_stairs":2,"minecraft:tuff":12,"minecraft:oak_log":52,"minecraft:yellow_bed":4,"minecraft:cobblestone_stairs":4,"minecraft:dirt":20,"minecraft:bone":1,"minecraft:apple":1,"minecraft:cobbled_deepslate":8,"minecraft:wheat_seeds":4,"minecraft:smooth_stone":16,"minecraft:beef":36,"minecraft:stone_pickaxe":2,"minecraft:iron_pickaxe":1,"minecraft:sugar_cane":4,"minecraft:chest":5,"minecraft:oak_planks":15,"minecraft:raw_iron":37,"minecraft:stick":7,"minecraft:torch":183,"minecraft:acacia_log":11,"minecraft:dandelion":2,"minecraft:raw_iron_block":1,"minecraft:porkchop":10,"minecraft:blast_furnace":2,"minecraft:barrel":2,"minecraft:mossy_cobblestone":2,"minecraft:stone_sword":1,"minecraft:arrow":2,"minecraft:rotten_flesh":2,"minecraft:diamond":5,"minecraft:stone_axe":1,"minecraft:hay_block":32,"minecraft:bread":36,"minecraft:white_terracotta":2,"minecraft:oak_sapling":11,"minecraft:coal":39,"minecraft:cobblestone":29},"minecraft:killed":{"minecraft:pig":4,"minecraft:salmon":2,"minecraft:skeleton":1,"minecraft:zombie":3,"minecraft:cow":9}},"DataVersion":3953}