{"stats":{"minecraft:broken":{"minecraft:shield":1,"minecraft:iron_axe":2,"minecraft:stone_axe":1,"minecraft:iron_pickaxe":1,"minecraft:wooden_axe":1},"minecraft:mined":{"minecraft:tuff":111,"minecraft:white_bed":1,"minecraft:farmland":11,"minecraft:mossy_cobblestone":1,"minecraft:deepslate_diamond_ore":61,"minecraft:cobblestone_stairs":4,"minecraft:jungle_leaves":27,"minecraft:acacia_log":21,"minecraft:grass_block":26,"minecraft:yellow_carpet":3,"minecraft:jungle_log":519,"minecraft:composter":2,"minecraft:furnace":2,"minecraft:carrots":31,"minecraft:iron_ore":58,"minecraft:cobbled_deepslate":11,"minecraft:andesite":1,"minecraft:fletching_table":3,"minecraft:deepslate_lapis_ore":9,"minecraft:potted_dandelion":1,"minecraft:deepslate_iron_ore":45,"minecraft:cobblestone_slab":1,"minecraft:vine":11,"minecraft:stone":57,"minecraft:glass_pane":1,"minecraft:oak_fence":1,"minecraft:clay":4,"minecraft:crafting_table":5,"minecraft:short_grass":57,"minecraft:melon":6,"minecraft:chest":1,"minecraft:lectern":66,"minecraft:tall_grass":1,"minecraft:cobblestone":8,"minecraft:sugar_cane":65,"minecraft:oak_planks":4,"minecraft:wall_torch":2,"minecraft:wheat":23,"minecraft:oak_log":46,"minecraft:coal_ore":31,"minecraft:sand":9,"minecraft:dirt":29,"minecraft:cobweb":6,"minecraft:terracotta":2,"minecraft:acacia_planks":3,"minecraft:oak_leaves":6,"minecraft:deepslate":37,"minecraft:fern":1},"minecraft:killed_by":{"minecraft:skeleton":2},"minecraft:custom":{"minecraft:interact_with_anvil":4,"minecraft:mob_kills":89,"minecraft:animals_bred":2,"minecraft:interact_with_crafting_table":82,"minecraft:leave_game":9,"minecraft:time_since_death":217416,"minecraft:climb_one_cm":21810,"minecraft:sprint_one_cm":581718,"minecraft:walk_one_cm":578450,"minecraft:damage_blocked_by_shield":5249,"minecraft:drop":28,"minecraft:talked_to_villager":100,"minecraft:play_time":287920,"minecraft:sneak_time":15008,"minecraft:deaths":3,"minecraft:walk_under_water_one_cm":56950,"minecraft:jump":6486,"minecraft:walk_on_water_one_cm":60550,"minecraft:total_world_time":287920,"minecraft:interact_with_furnace":52,"minecraft:traded_with_villager":103,"minecraft:sleep_in_bed":12,"minecraft:time_since_rest":21186,"minecraft:damage_taken":5362,"minecraft:damage_dealt":13059,"minecraft:swim_one_cm":28262,"minecraft:fly_one_cm":1127955,"minecraft:open_chest":104,"minecraft:crouch_one_cm":31746,"minecraft:fall_one_cm":193967},"minecraft:used":{"minecraft:stone_sword":73,"minecraft:diamond_hoe":104,"minecraft:chest":5,"minecraft:shield":63,"minecraft:iron_sword":48,"minecraft:rotten_flesh":5,"minecraft:iron_chestplate":1,"minecraft:torch":6,"minecraft:dirt":64,"minecraft:anvil":1,"minecraft:jungle_planks":1,"minecraft:carrot":92,"minecraft:tuff":108,"minecraft:wooden_axe":41,"minecraft:iron_axe":606,"minecraft:iron_helmet":1,"minecraft:bow":2,"minecraft:beef":2,"minecraft:furnace":3,"minecraft:egg":1,"minecraft:cooked_beef":12,"minecraft:cobbled_deepslate":53,"minecraft:acacia_planks":45,"minecraft:iron_leggings":1,"minecraft:cooked_mutton":15,"minecraft:water_bucket":79,"minecraft:baked_potato":12,"minecraft:stone_pickaxe":61,"minecraft:oak_planks":30,"minecraft:wooden_pickaxe":16,"minecraft:cobblestone_slab":13,"minecraft:sugar_cane":75,"minecraft:fletching_table":3,"minecraft:glow_berries":5,"minecraft:mossy_cobblestone":1,"minecraft:oak_slab":4,"minecraft:crafting_table":7,"minecraft:white_bed":2,"minecraft:diamond_pickaxe":15,"minecraft:apple":13,"minecraft:iron_pickaxe":362,"minecraft:bread":5,"minecraft:melon_slice":26,"minecraft:lectern":67,"minecraft:stone_axe":76,"minecraft:cobblestone":31,"minecraft:cooked_porkchop":16,"minecraft:bucket":79},"minecraft:dropped":{"minecraft:rail":1,"minecraft:stick":1,"minecraft:dirt":1,"minecraft:sand":6,"minecraft:white_wool":1,"minecraft:bone":5,"minecraft:cobbled_deepslate":6,"minecraft:tuff":19,"minecraft:rotten_flesh":17,"minecraft:oak_button":1,"minecraft:gunpowder":1,"minecraft:spider_eye":1,"minecraft:wooden_pickaxe":6,"minecraft:stone_pickaxe":1,"minecraft:egg":1,"minecraft:terracotta":2},"minecraft:crafted":{"minecraft:oak_planks":184,"minecraft:cobblestone_slab":12,"minecraft:iron_nugget":18,"minecraft:diamond_hoe":1,"minecraft:furnace":2,"minecraft:bookshelf":2,"minecraft:cooked_mutton":15,"minecraft:diamond_helmet":1,"minecraft:diamond_leggings":1,"minecraft:iron_boots":1,"minecraft:iron_axe":5,"minecraft:stone_pickaxe":3,"minecraft:chest":4,"minecraft:diamond_boots":1,"minecraft:oak_button":1,"minecraft:cooked_beef":24,"minecraft:oak_slab":12,"minecraft:emerald":102,"minecraft:cooked_porkchop":16,"minecraft:crafting_table":3,"minecraft:iron_helmet":1,"minecraft:wooden_pickaxe":4,"minecraft:baked_potato":12,"minecraft:iron_sword":1,"minecraft:bucket":1,"minecraft:stone_axe":1,"minecraft:enchanted_book":1,"minecraft:jungle_slab":6,"minecraft:air":0,"minecraft:jungle_planks":2056,"minecraft:lectern":2,"minecraft:iron_chestplate":1,"minecraft:book":9,"minecraft:paper":27,"minecraft:diamond_pickaxe":1,"minecraft:shield":2,"minecraft:stick":4292,"minecraft:iron_ingot":92,"minecraft:iron_pickaxe":4,"minecraft:wooden_axe":1,"minecraft:iron_block":3,"minecraft:stone_sword":1,"minecraft:iron_leggings":1,"minecraft:anvil":1,"minecraft:white_bed":1,"minecraft:acacia_planks":84,"minecraft:diamond_chestplate":1},"minecraft:picked_up":{"minecraft:crafting_table":7,"minecraft:iron_chestplate":1,"minecraft:flower_pot":1,"minecraft:chicken":1,"minecraft:clay_ball":16,"minecraft:wooden_pickaxe":15,"minecraft:enchanted_book":1,"minecraft:shield":2,"minecraft:string":24,"minecraft:iron_leggings":1,"minecraft:cobbled_deepslate":62,"minecraft:bucket":1,"minecraft:beef":44,"minecraft:cobblestone_slab":7,"minecraft:jungle_sapling":9,"minecraft:iron_pickaxe":1,"minecraft:lectern":66,"minecraft:melon_slice":26,"minecraft:sugar_cane":102,"minecraft:chest":1,"minecraft:furnace":2,"minecraft:iron_boots":1,"minecraft:egg":5,"minecraft:stick":10,"minecraft:raw_iron":131,"minecraft:composter":2,"minecraft:oak_fence":1,"minecraft:torch":10,"minecraft:acacia_log":21,"minecraft:porkchop":28,"minecraft:carrot":104,"minecraft:rotten_flesh":36,"minecraft:stone_sword":3,"minecraft:arrow":13,"minecraft:armadillo_scute":2,"minecraft:mutton":27,"minecraft:rail":2,"minecraft:white_wool":16,"minecraft:cobblestone":76,"minecraft:glow_ink_sac":1,"minecraft:andesite":1,"minecraft:water_bucket":1,"minecraft:jungle_log":514,"minecraft:leather":40,"minecraft:potato":24,"minecraft:tuff":129,"minecraft:oak_log":56,"minecraft:gunpowder":2,"minecraft:cobblestone_stairs":4,"minecraft:lapis_lazuli":90,"minecraft:dirt":66,"minecraft:cooked_mutton":3,"minecraft:bone":9,"minecraft:acacia_planks":60,"minecraft:apple":12,"minecraft:bow":2,"minecraft:wheat_seeds":11,"minecraft:iron_ingot":2,"minecraft:stone_pickaxe":9,"minecraft:fletching_table":3,"minecraft:acacia_sapling":4,"minecraft:oak_planks":40,"minecraft:cooked_porkchop":5,"minecraft:dandelion":1,"minecraft:oak_pressure_plate":1,"minecraft:sand":6,"minecraft:white_bed":1,"minecraft:spider_eye":1,"minecraft:mossy_cobblestone":1,"minecraft:yellow_carpet":3,"minecraft:diamond":73,"minecraft:stone_axe":3,"minecraft:iron_helmet":2,"minecraft:terracotta":2,"minecraft:oak_sapling":1,"minecraft:coal":48},"minecraft:killed":{"minecraft:spider":5,"minecraft:skeleton":10,"minecraft:chicken":1,"minecraft:drowned":1,"minecraft:pig":8,"minecraft:sheep":11,"minecraft:zombie":37,"minecraft:cow":14}},"DataVersion":3953}