{"stats":{"minecraft:broken":{"minecraft:shield":1,"minecraft:iron_axe":2,"minecraft:stone_axe":1,"minecraft:iron_pickaxe":1,"minecraft:wooden_axe":1},"minecraft:mined":{"minecraft:tuff":111,"minecraft:white_bed":1,"minecraft:farmland":11,"minecraft:mossy_cobblestone":1,"minecraft:deepslate_diamond_ore":61,"minecraft:cobblestone_stairs":4,"minecraft:jungle_leaves":27,"minecraft:acacia_log":21,"minecraft:grass_block":26,"minecraft:jungle_log":513,"minecraft:composter":2,"minecraft:furnace":2,"minecraft:carrots":14,"minecraft:iron_ore":58,"minecraft:cobbled_deepslate":11,"minecraft:andesite":1,"minecraft:fletching_table":3,"minecraft:deepslate_lapis_ore":9,"minecraft:potted_dandelion":1,"minecraft:deepslate_iron_ore":45,"minecraft:cobblestone_slab":1,"minecraft:vine":8,"minecraft:stone":57,"minecraft:glass_pane":1,"minecraft:oak_fence":1,"minecraft:clay":4,"minecraft:crafting_table":5,"minecraft:short_grass":28,"minecraft:melon":6,"minecraft:lectern":65,"minecraft:cobblestone":8,"minecraft:sugar_cane":37,"minecraft:oak_planks":4,"minecraft:wall_torch":2,"minecraft:wheat":23,"minecraft:oak_log":46,"minecraft:coal_ore":31,"minecraft:sand":9,"minecraft:dirt":29,"minecraft:cobweb":6,"minecraft:terracotta":2,"minecraft:acacia_planks":3,"minecraft:oak_leaves":6,"minecraft:deepslate":37,"minecraft:fern":1},"minecraft:killed_by":{"minecraft:skeleton":2},"minecraft:custom":{"minecraft:interact_with_anvil":4,"minecraft:mob_kills":85,"minecraft:animals_bred":2,"minecraft:interact_with_crafting_table":72,"minecraft:leave_game":9,"minecraft:time_since_death":193416,"minecraft:climb_one_cm":21810,"minecraft:sprint_one_cm":520782,"minecraft:walk_one_cm":517870,"minecraft:damage_blocked_by_shield":4855,"minecraft:drop":28,"minecraft:talked_to_villager":99,"minecraft:play_time":263920,"minecraft:sneak_time":14988,"minecraft:deaths":3,"minecraft:walk_under_water_one_cm":56950,"minecraft:jump":5957,"minecraft:walk_on_water_one_cm":59687,"minecraft:total_world_time":263920,"minecraft:interact_with_furnace":52,"minecraft:traded_with_villager":87,"minecraft:sleep_in_bed":11,"minecraft:time_since_rest":14160,"minecraft:damage_taken":5271,"minecraft:damage_dealt":12339,"minecraft:swim_one_cm":28262,"minecraft:fly_one_cm":1017419,"minecraft:open_chest":78,"minecraft:crouch_one_cm":31713,"minecraft:fall_one_cm":183391},"minecraft:used":{"minecraft:stone_sword":73,"minecraft:diamond_hoe":104,"minecraft:chest":3,"minecraft:shield":62,"minecraft:iron_sword":48,"minecraft:rotten_flesh":5,"minecraft:iron_chestplate":1,"minecraft:torch":6,"minecraft:dirt":64,"minecraft:anvil":1,"minecraft:carrot":38,"minecraft:tuff":108,"minecraft:wooden_axe":41,"minecraft:iron_axe":585,"minecraft:iron_helmet":1,"minecraft:bow":2,"minecraft:beef":2,"minecraft:furnace":3,"minecraft:egg":1,"minecraft:cooked_beef":12,"minecraft:cobbled_deepslate":53,"minecraft:acacia_planks":45,"minecraft:iron_leggings":1,"minecraft:cooked_mutton":15,"minecraft:water_bucket":79,"minecraft:baked_potato":12,"minecraft:stone_pickaxe":61,"minecraft:oak_planks":30,"minecraft:wooden_pickaxe":16,"minecraft:cobblestone_slab":13,"minecraft:sugar_cane":19,"minecraft:fletching_table":3,"minecraft:glow_berries":5,"minecraft:mossy_cobblestone":1,"minecraft:oak_slab":4,"minecraft:crafting_table":7,"minecraft:white_bed":2,"minecraft:diamond_pickaxe":15,"minecraft:apple":13,"minecraft:iron_pickaxe":362,"minecraft:bread":5,"minecraft:melon_slice":21,"minecraft:lectern":66,"minecraft:stone_axe":76,"minecraft:cobblestone":31,"minecraft:cooked_porkchop":16,"minecraft:bucket":79},"minecraft:dropped":{"minecraft:rail":1,"minecraft:stick":1,"minecraft:dirt":1,"minecraft:sand":6,"minecraft:white_wool":1,"minecraft:bone":5,"minecraft:cobbled_deepslate":6,"minecraft:tuff":19,"minecraft:rotten_flesh":17,"minecraft:oak_button":1,"minecraft:gunpowder":1,"minecraft:spider_eye":1,"minecraft:wooden_pickaxe":6,"minecraft:stone_pickaxe":1,"minecraft:egg":1,"minecraft:terracotta":2},"minecraft:crafted":{"minecraft:oak_planks":184,"minecraft:cobblestone_slab":12,"minecraft:diamond_hoe":1,"minecraft:furnace":2,"minecraft:bookshelf":1,"minecraft:cooked_mutton":15,"minecraft:diamond_helmet":1,"minecraft:diamond_leggings":1,"minecraft:iron_boots":1,"minecraft:iron_axe":5,"minecraft:stone_pickaxe":3,"minecraft:chest":3,"minecraft:diamond_boots":1,"minecraft:oak_button":1,"minecraft:cooked_beef":24,"minecraft:oak_slab":12,"minecraft:emerald":86,"minecraft:cooked_porkchop":16,"minecraft:crafting_table":3,"minecraft:iron_helmet":1,"minecraft:wooden_pickaxe":4,"minecraft:baked_potato":12,"minecraft:iron_sword":1,"minecraft:bucket":1,"minecraft:stone_axe":1,"minecraft:enchanted_book":1,"minecraft:air":0,"minecraft:jungle_planks":1752,"minecraft:lectern":1,"minecraft:iron_chestplate":1,"minecraft:book":5,"minecraft:paper":18,"minecraft:diamond_pickaxe":1,"minecraft:shield":2,"minecraft:stick":3752,"minecraft:iron_ingot":90,"minecraft:iron_pickaxe":4,"minecraft:wooden_axe":1,"minecraft:iron_block":3,"minecraft:stone_sword":1,"minecraft:iron_leggings":1,"minecraft:anvil":1,"minecraft:white_bed":1,"minecraft:acacia_planks":84,"minecraft:diamond_chestplate":1},"minecraft:picked_up":{"minecraft:crafting_table":7,"minecraft:iron_chestplate":1,"minecraft:flower_pot":1,"minecraft:chicken":1,"minecraft:clay_ball":16,"minecraft:wooden_pickaxe":15,"minecraft:enchanted_book":1,"minecraft:shield":2,"minecraft:string":20,"minecraft:iron_leggings":1,"minecraft:cobbled_deepslate":62,"minecraft:bucket":1,"minecraft:beef":44,"minecraft:cobblestone_slab":7,"minecraft:jungle_sapling":9,"minecraft:iron_pickaxe":1,"minecraft:lectern":65,"minecraft:melon_slice":26,"minecraft:sugar_cane":59,"minecraft:furnace":2,"minecraft:iron_boots":1,"minecraft:egg":4,"minecraft:stick":10,"minecraft:raw_iron":131,"minecraft:composter":2,"minecraft:oak_fence":1,"minecraft:torch":10,"minecraft:acacia_log":21,"minecraft:porkchop":28,"minecraft:carrot":42,"minecraft:rotten_flesh":35,"minecraft:stone_sword":3,"minecraft:arrow":13,"minecraft:armadillo_scute":2,"minecraft:mutton":27,"minecraft:rail":2,"minecraft:white_wool":16,"minecraft:cobblestone":76,"minecraft:glow_ink_sac":1,"minecraft:andesite":1,"minecraft:water_bucket":1,"minecraft:jungle_log":508,"minecraft:leather":40,"minecraft:potato":24,"minecraft:tuff":129,"minecraft:oak_log":56,"minecraft:gunpowder":2,"minecraft:cobblestone_stairs":4,"minecraft:lapis_lazuli":90,"minecraft:dirt":66,"minecraft:cooked_mutton":3,"minecraft:bone":9,"minecraft:acacia_planks":60,"minecraft:apple":12,"minecraft:bow":2,"minecraft:wheat_seeds":8,"minecraft:iron_ingot":2,"minecraft:stone_pickaxe":9,"minecraft:fletching_table":3,"minecraft:acacia_sapling":4,"minecraft:oak_planks":40,"minecraft:cooked_porkchop":5,"minecraft:dandelion":1,"minecraft:oak_pressure_plate":1,"minecraft:sand":6,"minecraft:white_bed":1,"minecraft:spider_eye":1,"minecraft:mossy_cobblestone":1,"minecraft:diamond":73,"minecraft:stone_axe":3,"minecraft:iron_helmet":2,"minecraft:terracotta":2,"minecraft:oak_sapling":1,"minecraft:coal":48},"minecraft:killed":{"minecraft:spider":3,"minecraft:skeleton":10,"minecraft:chicken":1,"minecraft:drowned":1,"minecraft:pig":8,"minecraft:sheep":11,"minecraft:zombie":35,"minecraft:cow":14}},"DataVersion":3953}