{"stats":{"minecraft:broken":{"minecraft:shield":2,"minecraft:iron_axe":2,"minecraft:stone_axe":1,"minecraft:iron_pickaxe":1,"minecraft:wooden_axe":1},"minecraft:mined":{"minecraft:tuff":114,"minecraft:white_bed":1,"minecraft:farmland":11,"minecraft:mossy_cobblestone":1,"minecraft:deepslate_diamond_ore":69,"minecraft:cobblestone_stairs":4,"minecraft:jungle_leaves":28,"minecraft:acacia_log":21,"minecraft:grass_block":34,"minecraft:yellow_carpet":3,"minecraft:jungle_planks":7,"minecraft:jungle_log":595,"minecraft:composter":2,"minecraft:spawner":1,"minecraft:spruce_sapling":1,"minecraft:furnace":2,"minecraft:carrots":90,"minecraft:iron_ore":73,"minecraft:cobbled_deepslate":13,"minecraft:andesite":3,"minecraft:fletching_table":3,"minecraft:deepslate_lapis_ore":14,"minecraft:potatoes":12,"minecraft:rail":1,"minecraft:potted_dandelion":1,"minecraft:deepslate_iron_ore":46,"minecraft:cobblestone_slab":1,"minecraft:vine":11,"minecraft:stone":66,"minecraft:glass_pane":1,"minecraft:oak_fence":1,"minecraft:clay":4,"minecraft:crafting_table":5,"minecraft:short_grass":109,"minecraft:melon":6,"minecraft:chest":1,"minecraft:lectern":77,"minecraft:tall_grass":1,"minecraft:cobblestone":13,"minecraft:deepslate_gold_ore":23,"minecraft:sugar_cane":134,"minecraft:oak_planks":4,"minecraft:wall_torch":2,"minecraft:wheat":34,"minecraft:oak_log":52,"minecraft:coal_ore":58,"minecraft:sand":9,"minecraft:dirt":34,"minecraft:cobweb":6,"minecraft:terracotta":2,"minecraft:acacia_planks":3,"minecraft:gold_ore":4,"minecraft:oak_leaves":55,"minecraft:deepslate":48,"minecraft:fern":1},"minecraft:killed_by":{"minecraft:skeleton":2},"minecraft:custom":{"minecraft:interact_with_anvil":7,"minecraft:mob_kills":113,"minecraft:animals_bred":6,"minecraft:interact_with_crafting_table":90,"minecraft:open_barrel":1,"minecraft:leave_game":10,"minecraft:time_since_death":306114,"minecraft:climb_one_cm":25215,"minecraft:sprint_one_cm":881059,"minecraft:walk_one_cm":832908,"minecraft:damage_blocked_by_shield":9373,"minecraft:drop":33,"minecraft:talked_to_villager":125,"minecraft:play_time":376618,"minecraft:sneak_time":16586,"minecraft:deaths":3,"minecraft:walk_under_water_one_cm":74785,"minecraft:jump":8663,"minecraft:walk_on_water_one_cm":81535,"minecraft:total_world_time":376618,"minecraft:interact_with_furnace":58,"minecraft:traded_with_villager":140,"minecraft:sleep_in_bed":17,"minecraft:time_since_rest":12943,"minecraft:damage_taken":6843,"minecraft:damage_dealt":17549,"minecraft:swim_one_cm":29078,"minecraft:fly_one_cm":1527256,"minecraft:open_chest":152,"minecraft:crouch_one_cm":34373,"minecraft:horse_one_cm":15334,"minecraft:fall_one_cm":253282},"minecraft:used":{"minecraft:stone_sword":73,"minecraft:diamond_hoe":233,"minecraft:chest":5,"minecraft:shield":122,"minecraft:iron_sword":48,"minecraft:rotten_flesh":5,"minecraft:iron_chestplate":1,"minecraft:torch":6,"minecraft:dirt":64,"minecraft:anvil":1,"minecraft:jungle_planks":10,"minecraft:carrot":202,"minecraft:diamond_helmet":1,"minecraft:tuff":108,"minecraft:wooden_axe":41,"minecraft:iron_axe":759,"minecraft:iron_helmet":1,"minecraft:golden_carrot":2,"minecraft:diamond_chestplate":1,"minecraft:bow":2,"minecraft:beef":2,"minecraft:furnace":3,"minecraft:egg":1,"minecraft:potato":42,"minecraft:cooked_beef":12,"minecraft:cobbled_deepslate":68,"minecraft:acacia_planks":45,"minecraft:iron_leggings":1,"minecraft:wheat_seeds":41,"minecraft:cooked_mutton":15,"minecraft:water_bucket":128,"minecraft:baked_potato":12,"minecraft:stone_pickaxe":61,"minecraft:oak_planks":30,"minecraft:wooden_pickaxe":16,"minecraft:cobblestone_slab":13,"minecraft:sugar_cane":75,"minecraft:fletching_table":3,"minecraft:glow_berries":5,"minecraft:mossy_cobblestone":1,"minecraft:oak_slab":4,"minecraft:crafting_table":7,"minecraft:white_bed":2,"minecraft:diamond_pickaxe":124,"minecraft:apple":13,"minecraft:iron_pickaxe":370,"minecraft:bread":5,"minecraft:melon_slice":26,"minecraft:lectern":79,"minecraft:spruce_sapling":5,"minecraft:stone_axe":76,"minecraft:cobblestone":31,"minecraft:cooked_porkchop":16,"minecraft:bucket":128,"minecraft:bone_meal":24},"minecraft:dropped":{"minecraft:rail":1,"minecraft:stick":1,"minecraft:dirt":1,"minecraft:iron_axe":1,"minecraft:sand":6,"minecraft:white_wool":1,"minecraft:bone":5,"minecraft:cobbled_deepslate":6,"minecraft:tuff":19,"minecraft:rotten_flesh":17,"minecraft:carrot":1,"minecraft:oak_button":1,"minecraft:gunpowder":1,"minecraft:diamond_pickaxe":3,"minecraft:spider_eye":1,"minecraft:wooden_pickaxe":6,"minecraft:stone_pickaxe":1,"minecraft:egg":1,"minecraft:terracotta":2},"minecraft:crafted":{"minecraft:golden_carrot":3,"minecraft:oak_planks":184,"minecraft:cobblestone_slab":12,"minecraft:iron_nugget":18,"minecraft:diamond_hoe":1,"minecraft:furnace":2,"minecraft:bone_meal":27,"minecraft:bookshelf":2,"minecraft:cooked_mutton":15,"minecraft:diamond_helmet":1,"minecraft:diamond_leggings":1,"minecraft:iron_boots":1,"minecraft:iron_axe":5,"minecraft:stone_pickaxe":3,"minecraft:chest":4,"minecraft:diamond_boots":1,"minecraft:oak_button":1,"minecraft:cooked_beef":24,"minecraft:oak_slab":12,"minecraft:emerald":136,"minecraft:cooked_porkchop":16,"minecraft:crafting_table":3,"minecraft:iron_helmet":1,"minecraft:wooden_pickaxe":4,"minecraft:baked_potato":12,"minecraft:iron_sword":1,"minecraft:bucket":1,"minecraft:stone_axe":1,"minecraft:enchanted_book":4,"minecraft:jungle_slab":6,"minecraft:air":0,"minecraft:jungle_planks":2056,"minecraft:lectern":2,"minecraft:iron_chestplate":1,"minecraft:book":10,"minecraft:paper":30,"minecraft:diamond_pickaxe":1,"minecraft:gold_nugget":27,"minecraft:shield":4,"minecraft:stick":4292,"minecraft:iron_ingot":92,"minecraft:iron_pickaxe":4,"minecraft:wooden_axe":1,"minecraft:iron_block":3,"minecraft:stone_sword":1,"minecraft:gold_ingot":64,"minecraft:iron_leggings":1,"minecraft:anvil":1,"minecraft:white_bed":1,"minecraft:acacia_planks":84,"minecraft:diamond_chestplate":1},"minecraft:picked_up":{"minecraft:crafting_table":7,"minecraft:iron_chestplate":1,"minecraft:wheat":10,"minecraft:flower_pot":1,"minecraft:chicken":1,"minecraft:clay_ball":16,"minecraft:wooden_pickaxe":15,"minecraft:enchanted_book":1,"minecraft:shield":2,"minecraft:string":27,"minecraft:iron_axe":1,"minecraft:iron_leggings":1,"minecraft:cobbled_deepslate":80,"minecraft:bucket":1,"minecraft:beef":44,"minecraft:cobblestone_slab":7,"minecraft:jungle_sapling":9,"minecraft:iron_pickaxe":1,"minecraft:lectern":77,"minecraft:melon_slice":26,"minecraft:sugar_cane":229,"minecraft:chest":1,"minecraft:furnace":2,"minecraft:iron_boots":1,"minecraft:egg":6,"minecraft:stick":12,"minecraft:raw_iron":176,"minecraft:composter":2,"minecraft:oak_fence":1,"minecraft:torch":11,"minecraft:acacia_log":21,"minecraft:porkchop":28,"minecraft:carrot":327,"minecraft:rotten_flesh":41,"minecraft:stone_sword":3,"minecraft:arrow":25,"minecraft:armadillo_scute":2,"minecraft:mutton":27,"minecraft:rail":4,"minecraft:white_wool":16,"minecraft:cobblestone":90,"minecraft:glow_ink_sac":1,"minecraft:andesite":3,"minecraft:water_bucket":1,"minecraft:jungle_log":590,"minecraft:leather":40,"minecraft:potato":66,"minecraft:tuff":132,"minecraft:oak_log":62,"minecraft:gunpowder":2,"minecraft:cobblestone_stairs":4,"minecraft:lapis_lazuli":148,"minecraft:dirt":77,"minecraft:cooked_mutton":3,"minecraft:bone":18,"minecraft:acacia_planks":60,"minecraft:apple":12,"minecraft:bow":3,"minecraft:wheat_seeds":52,"minecraft:raw_gold":65,"minecraft:iron_ingot":2,"minecraft:stone_pickaxe":9,"minecraft:fletching_table":3,"minecraft:acacia_sapling":4,"minecraft:oak_planks":41,"minecraft:cooked_porkchop":5,"minecraft:poisonous_potato":1,"minecraft:jungle_planks":7,"minecraft:dandelion":2,"minecraft:oak_pressure_plate":1,"minecraft:sand":6,"minecraft:spruce_sapling":13,"minecraft:white_bed":1,"minecraft:spider_eye":1,"minecraft:mossy_cobblestone":1,"minecraft:yellow_carpet":3,"minecraft:diamond":88,"minecraft:stone_axe":3,"minecraft:iron_helmet":2,"minecraft:terracotta":2,"minecraft:oak_sapling":6,"minecraft:coal":113,"minecraft:diamond_pickaxe":2},"minecraft:killed":{"minecraft:cave_spider":2,"minecraft:spider":6,"minecraft:horse":1,"minecraft:skeleton":20,"minecraft:chicken":1,"minecraft:drowned":1,"minecraft:pig":8,"minecraft:zombie_villager":1,"minecraft:sheep":11,"minecraft:zombie":46,"minecraft:cow":14}},"DataVersion":3953}