{"stats":{"minecraft:broken":{"minecraft:stone_axe":1,"minecraft:wooden_axe":1},"minecraft:mined":{"minecraft:tuff":108,"minecraft:deepslate_diamond_ore":32,"minecraft:cobblestone_stairs":4,"minecraft:jungle_leaves":3,"minecraft:acacia_log":21,"minecraft:grass_block":19,"minecraft:jungle_log":198,"minecraft:furnace":2,"minecraft:carrots":13,"minecraft:iron_ore":35,"minecraft:fletching_table":3,"minecraft:deepslate_lapis_ore":4,"minecraft:deepslate_iron_ore":19,"minecraft:cobblestone_slab":1,"minecraft:vine":3,"minecraft:stone":43,"minecraft:clay":4,"minecraft:crafting_table":5,"minecraft:short_grass":21,"minecraft:melon":6,"minecraft:cobblestone":3,"minecraft:sugar_cane":19,"minecraft:oak_planks":3,"minecraft:wall_torch":2,"minecraft:wheat":23,"minecraft:oak_log":46,"minecraft:coal_ore":12,"minecraft:sand":9,"minecraft:dirt":24,"minecraft:cobweb":6,"minecraft:terracotta":2,"minecraft:acacia_planks":3,"minecraft:oak_leaves":5,"minecraft:deepslate":9,"minecraft:fern":1},"minecraft:killed_by":{"minecraft:skeleton":2},"minecraft:custom":{"minecraft:mob_kills":69,"minecraft:interact_with_crafting_table":53,"minecraft:leave_game":7,"minecraft:time_since_death":84351,"minecraft:climb_one_cm":7402,"minecraft:sprint_one_cm":326389,"minecraft:walk_one_cm":305911,"minecraft:damage_blocked_by_shield":2680,"minecraft:drop":28,"minecraft:talked_to_villager":9,"minecraft:play_time":154855,"minecraft:deaths":3,"minecraft:sneak_time":7649,"minecraft:walk_under_water_one_cm":26085,"minecraft:jump":3525,"minecraft:walk_on_water_one_cm":29455,"minecraft:total_world_time":154855,"minecraft:interact_with_furnace":38,"minecraft:traded_with_villager":22,"minecraft:sleep_in_bed":6,"minecraft:time_since_rest":1442,"minecraft:damage_taken":3747,"minecraft:damage_dealt":9410,"minecraft:swim_one_cm":16485,"minecraft:fly_one_cm":642313,"minecraft:open_chest":22,"minecraft:crouch_one_cm":22389,"minecraft:fall_one_cm":115695},"minecraft:used":{"minecraft:stone_sword":73,"minecraft:chest":2,"minecraft:shield":24,"minecraft:iron_chestplate":1,"minecraft:torch":6,"minecraft:dirt":42,"minecraft:tuff":108,"minecraft:wooden_axe":41,"minecraft:iron_axe":255,"minecraft:iron_helmet":1,"minecraft:bow":2,"minecraft:beef":2,"minecraft:furnace":3,"minecraft:egg":1,"minecraft:cooked_beef":4,"minecraft:cobbled_deepslate":10,"minecraft:acacia_planks":45,"minecraft:iron_leggings":1,"minecraft:cooked_mutton":6,"minecraft:water_bucket":19,"minecraft:baked_potato":12,"minecraft:stone_pickaxe":61,"minecraft:oak_planks":29,"minecraft:wooden_pickaxe":16,"minecraft:cobblestone_slab":13,"minecraft:sugar_cane":19,"minecraft:fletching_table":3,"minecraft:glow_berries":5,"minecraft:oak_slab":4,"minecraft:crafting_table":7,"minecraft:white_bed":1,"minecraft:diamond_pickaxe":15,"minecraft:apple":13,"minecraft:iron_pickaxe":185,"minecraft:bread":5,"minecraft:melon_slice":21,"minecraft:stone_axe":76,"minecraft:cobblestone":4,"minecraft:cooked_porkchop":11,"minecraft:bucket":19},"minecraft:dropped":{"minecraft:rail":1,"minecraft:stick":1,"minecraft:dirt":1,"minecraft:sand":6,"minecraft:white_wool":1,"minecraft:bone":5,"minecraft:cobbled_deepslate":6,"minecraft:tuff":19,"minecraft:rotten_flesh":17,"minecraft:oak_button":1,"minecraft:gunpowder":1,"minecraft:spider_eye":1,"minecraft:wooden_pickaxe":6,"minecraft:stone_pickaxe":1,"minecraft:egg":1,"minecraft:terracotta":2},"minecraft:crafted":{"minecraft:oak_planks":184,"minecraft:cobblestone_slab":12,"minecraft:furnace":2,"minecraft:bookshelf":1,"minecraft:cooked_mutton":6,"minecraft:diamond_helmet":1,"minecraft:diamond_leggings":1,"minecraft:iron_boots":1,"minecraft:iron_axe":1,"minecraft:stone_pickaxe":3,"minecraft:chest":3,"minecraft:diamond_boots":1,"minecraft:oak_button":1,"minecraft:cooked_beef":16,"minecraft:oak_slab":12,"minecraft:emerald":22,"minecraft:cooked_porkchop":16,"minecraft:crafting_table":3,"minecraft:iron_helmet":1,"minecraft:wooden_pickaxe":4,"minecraft:baked_potato":12,"minecraft:bucket":1,"minecraft:stone_axe":1,"minecraft:air":0,"minecraft:jungle_planks":792,"minecraft:lectern":1,"minecraft:iron_chestplate":1,"minecraft:book":4,"minecraft:paper":12,"minecraft:diamond_pickaxe":1,"minecraft:shield":2,"minecraft:stick":1832,"minecraft:iron_ingot":32,"minecraft:iron_pickaxe":1,"minecraft:wooden_axe":1,"minecraft:stone_sword":1,"minecraft:iron_leggings":1,"minecraft:white_bed":1,"minecraft:acacia_planks":84,"minecraft:diamond_chestplate":1},"minecraft:picked_up":{"minecraft:crafting_table":7,"minecraft:iron_chestplate":1,"minecraft:chicken":1,"minecraft:clay_ball":16,"minecraft:wooden_pickaxe":15,"minecraft:enchanted_book":1,"minecraft:shield":2,"minecraft:string":20,"minecraft:iron_leggings":1,"minecraft:cobbled_deepslate":18,"minecraft:bucket":1,"minecraft:beef":44,"minecraft:cobblestone_slab":7,"minecraft:jungle_sapling":3,"minecraft:iron_pickaxe":1,"minecraft:melon_slice":26,"minecraft:sugar_cane":31,"minecraft:furnace":2,"minecraft:iron_boots":1,"minecraft:egg":4,"minecraft:stick":9,"minecraft:raw_iron":82,"minecraft:torch":10,"minecraft:acacia_log":21,"minecraft:porkchop":28,"minecraft:carrot":38,"minecraft:rotten_flesh":21,"minecraft:arrow":12,"minecraft:stone_sword":3,"minecraft:armadillo_scute":1,"minecraft:mutton":27,"minecraft:rail":2,"minecraft:white_wool":16,"minecraft:cobblestone":49,"minecraft:water_bucket":1,"minecraft:jungle_log":198,"minecraft:leather":40,"minecraft:potato":24,"minecraft:tuff":127,"minecraft:oak_log":56,"minecraft:gunpowder":1,"minecraft:cobblestone_stairs":4,"minecraft:lapis_lazuli":62,"minecraft:dirt":43,"minecraft:cooked_mutton":3,"minecraft:bone":7,"minecraft:acacia_planks":60,"minecraft:apple":12,"minecraft:bow":2,"minecraft:wheat_seeds":4,"minecraft:iron_ingot":1,"minecraft:stone_pickaxe":9,"minecraft:fletching_table":3,"minecraft:acacia_sapling":4,"minecraft:oak_planks":39,"minecraft:cooked_porkchop":5,"minecraft:sand":6,"minecraft:spider_eye":1,"minecraft:diamond":44,"minecraft:stone_axe":3,"minecraft:iron_helmet":2,"minecraft:terracotta":2,"minecraft:oak_sapling":1,"minecraft:coal":29},"minecraft:killed":{"minecraft:spider":3,"minecraft:skeleton":7,"minecraft:chicken":1,"minecraft:drowned":1,"minecraft:pig":8,"minecraft:sheep":11,"minecraft:zombie":22,"minecraft:cow":14}},"DataVersion":3953}