{"stats":{"minecraft:broken":{"minecraft:iron_axe":1,"minecraft:stone_axe":1,"minecraft:iron_pickaxe":1,"minecraft:wooden_axe":1},"minecraft:mined":{"minecraft:tuff":108,"minecraft:white_bed":1,"minecraft:mossy_cobblestone":1,"minecraft:deepslate_diamond_ore":32,"minecraft:cobblestone_stairs":4,"minecraft:jungle_leaves":3,"minecraft:acacia_log":21,"minecraft:grass_block":20,"minecraft:jungle_log":198,"minecraft:furnace":2,"minecraft:carrots":13,"minecraft:iron_ore":57,"minecraft:andesite":1,"minecraft:fletching_table":3,"minecraft:deepslate_lapis_ore":4,"minecraft:deepslate_iron_ore":19,"minecraft:cobblestone_slab":1,"minecraft:vine":3,"minecraft:stone":49,"minecraft:oak_fence":1,"minecraft:clay":4,"minecraft:crafting_table":5,"minecraft:short_grass":23,"minecraft:melon":6,"minecraft:lectern":65,"minecraft:cobblestone":8,"minecraft:sugar_cane":37,"minecraft:oak_planks":4,"minecraft:wall_torch":2,"minecraft:wheat":23,"minecraft:oak_log":46,"minecraft:coal_ore":20,"minecraft:sand":9,"minecraft:dirt":24,"minecraft:cobweb":6,"minecraft:terracotta":2,"minecraft:acacia_planks":3,"minecraft:oak_leaves":5,"minecraft:deepslate":9,"minecraft:fern":1},"minecraft:killed_by":{"minecraft:skeleton":2},"minecraft:custom":{"minecraft:mob_kills":71,"minecraft:interact_with_crafting_table":58,"minecraft:leave_game":8,"minecraft:time_since_death":121983,"minecraft:climb_one_cm":7402,"minecraft:sprint_one_cm":389832,"minecraft:walk_one_cm":365664,"minecraft:damage_blocked_by_shield":2950,"minecraft:drop":28,"minecraft:talked_to_villager":93,"minecraft:play_time":192487,"minecraft:sneak_time":7649,"minecraft:deaths":3,"minecraft:walk_under_water_one_cm":33042,"minecraft:jump":4313,"minecraft:walk_on_water_one_cm":33587,"minecraft:total_world_time":192487,"minecraft:interact_with_furnace":41,"minecraft:traded_with_villager":39,"minecraft:sleep_in_bed":8,"minecraft:time_since_rest":12375,"minecraft:damage_taken":4022,"minecraft:damage_dealt":9788,"minecraft:swim_one_cm":19872,"minecraft:fly_one_cm":777125,"minecraft:open_chest":36,"minecraft:crouch_one_cm":22389,"minecraft:fall_one_cm":136182},"minecraft:used":{"minecraft:stone_sword":73,"minecraft:chest":2,"minecraft:shield":28,"minecraft:iron_chestplate":1,"minecraft:torch":6,"minecraft:dirt":42,"minecraft:tuff":108,"minecraft:wooden_axe":41,"minecraft:iron_axe":260,"minecraft:iron_helmet":1,"minecraft:bow":2,"minecraft:beef":2,"minecraft:furnace":3,"minecraft:egg":1,"minecraft:cooked_beef":4,"minecraft:cobbled_deepslate":10,"minecraft:acacia_planks":45,"minecraft:iron_leggings":1,"minecraft:cooked_mutton":6,"minecraft:water_bucket":35,"minecraft:baked_potato":12,"minecraft:stone_pickaxe":61,"minecraft:oak_planks":29,"minecraft:wooden_pickaxe":16,"minecraft:cobblestone_slab":13,"minecraft:sugar_cane":19,"minecraft:fletching_table":3,"minecraft:glow_berries":5,"minecraft:mossy_cobblestone":1,"minecraft:oak_slab":4,"minecraft:crafting_table":7,"minecraft:white_bed":2,"minecraft:diamond_pickaxe":15,"minecraft:apple":13,"minecraft:iron_pickaxe":240,"minecraft:bread":5,"minecraft:melon_slice":21,"minecraft:lectern":66,"minecraft:stone_axe":76,"minecraft:cobblestone":9,"minecraft:cooked_porkchop":16,"minecraft:bucket":36},"minecraft:dropped":{"minecraft:rail":1,"minecraft:stick":1,"minecraft:dirt":1,"minecraft:sand":6,"minecraft:white_wool":1,"minecraft:bone":5,"minecraft:cobbled_deepslate":6,"minecraft:tuff":19,"minecraft:rotten_flesh":17,"minecraft:oak_button":1,"minecraft:gunpowder":1,"minecraft:spider_eye":1,"minecraft:wooden_pickaxe":6,"minecraft:stone_pickaxe":1,"minecraft:egg":1,"minecraft:terracotta":2},"minecraft:crafted":{"minecraft:oak_planks":184,"minecraft:cobblestone_slab":12,"minecraft:furnace":2,"minecraft:bookshelf":1,"minecraft:cooked_mutton":6,"minecraft:diamond_helmet":1,"minecraft:diamond_leggings":1,"minecraft:iron_boots":1,"minecraft:iron_axe":1,"minecraft:stone_pickaxe":3,"minecraft:chest":3,"minecraft:diamond_boots":1,"minecraft:oak_button":1,"minecraft:cooked_beef":21,"minecraft:oak_slab":12,"minecraft:emerald":38,"minecraft:cooked_porkchop":16,"minecraft:crafting_table":3,"minecraft:iron_helmet":1,"minecraft:wooden_pickaxe":4,"minecraft:baked_potato":12,"minecraft:bucket":1,"minecraft:stone_axe":1,"minecraft:enchanted_book":1,"minecraft:air":0,"minecraft:jungle_planks":792,"minecraft:lectern":1,"minecraft:iron_chestplate":1,"minecraft:book":5,"minecraft:paper":15,"minecraft:diamond_pickaxe":1,"minecraft:shield":2,"minecraft:stick":1832,"minecraft:iron_ingot":40,"minecraft:iron_pickaxe":4,"minecraft:wooden_axe":1,"minecraft:stone_sword":1,"minecraft:iron_leggings":1,"minecraft:white_bed":1,"minecraft:acacia_planks":84,"minecraft:diamond_chestplate":1},"minecraft:picked_up":{"minecraft:crafting_table":7,"minecraft:iron_chestplate":1,"minecraft:chicken":1,"minecraft:clay_ball":16,"minecraft:wooden_pickaxe":15,"minecraft:enchanted_book":1,"minecraft:shield":2,"minecraft:string":20,"minecraft:iron_leggings":1,"minecraft:cobbled_deepslate":18,"minecraft:bucket":1,"minecraft:beef":44,"minecraft:cobblestone_slab":7,"minecraft:jungle_sapling":3,"minecraft:iron_pickaxe":1,"minecraft:lectern":65,"minecraft:melon_slice":26,"minecraft:sugar_cane":59,"minecraft:furnace":2,"minecraft:iron_boots":1,"minecraft:egg":4,"minecraft:stick":9,"minecraft:raw_iron":104,"minecraft:oak_fence":1,"minecraft:torch":10,"minecraft:acacia_log":21,"minecraft:porkchop":28,"minecraft:carrot":38,"minecraft:rotten_flesh":22,"minecraft:arrow":13,"minecraft:stone_sword":3,"minecraft:armadillo_scute":2,"minecraft:mutton":27,"minecraft:rail":2,"minecraft:white_wool":16,"minecraft:cobblestone":60,"minecraft:andesite":1,"minecraft:water_bucket":1,"minecraft:jungle_log":198,"minecraft:leather":40,"minecraft:potato":24,"minecraft:tuff":127,"minecraft:oak_log":56,"minecraft:gunpowder":1,"minecraft:cobblestone_stairs":4,"minecraft:lapis_lazuli":62,"minecraft:dirt":44,"minecraft:cooked_mutton":3,"minecraft:bone":7,"minecraft:acacia_planks":60,"minecraft:apple":12,"minecraft:bow":2,"minecraft:wheat_seeds":5,"minecraft:iron_ingot":1,"minecraft:stone_pickaxe":9,"minecraft:fletching_table":3,"minecraft:acacia_sapling":4,"minecraft:oak_planks":40,"minecraft:cooked_porkchop":5,"minecraft:oak_pressure_plate":1,"minecraft:sand":6,"minecraft:white_bed":1,"minecraft:spider_eye":1,"minecraft:mossy_cobblestone":1,"minecraft:diamond":44,"minecraft:stone_axe":3,"minecraft:iron_helmet":2,"minecraft:terracotta":2,"minecraft:oak_sapling":1,"minecraft:coal":37},"minecraft:killed":{"minecraft:spider":3,"minecraft:skeleton":8,"minecraft:chicken":1,"minecraft:drowned":1,"minecraft:pig":8,"minecraft:sheep":11,"minecraft:zombie":23,"minecraft:cow":14}},"DataVersion":3953}