{"stats":{"minecraft:broken":{"minecraft:wooden_pickaxe":1},"minecraft:mined":{"minecraft:tuff":7,"minecraft:mossy_cobblestone":1,"minecraft:deepslate_diamond_ore":14,"minecraft:cobblestone_stairs":6,"minecraft:acacia_log":37,"minecraft:grass_block":19,"minecraft:oak_pressure_plate":1,"minecraft:spruce_leaves":22,"minecraft:hay_block":26,"minecraft:smooth_stone":8,"minecraft:raw_iron_block":3,"minecraft:deepslate_lapis_ore":1,"minecraft:deepslate_iron_ore":100,"minecraft:oak_stairs":1,"minecraft:stone":42,"minecraft:oak_fence":1,"minecraft:crafting_table":2,"minecraft:short_grass":67,"minecraft:blast_furnace":1,"minecraft:chest":2,"minecraft:tall_grass":14,"minecraft:cobblestone":27,"minecraft:sugar_cane":11,"minecraft:bricks":1,"minecraft:spruce_log":39,"minecraft:yellow_bed":1,"minecraft:oak_log":20,"minecraft:coal_ore":58,"minecraft:dripstone_block":2,"minecraft:dirt":12,"minecraft:oak_leaves":2,"minecraft:deepslate":40},"minecraft:killed_by":{"minecraft:spider":1,"minecraft:skeleton":2,"minecraft:zombie":1},"minecraft:custom":{"minecraft:mob_kills":13,"minecraft:interact_with_anvil":2,"minecraft:interact_with_crafting_table":38,"minecraft:open_barrel":18,"minecraft:leave_game":7,"minecraft:time_since_death":50824,"minecraft:climb_one_cm":3504,"minecraft:sprint_one_cm":269019,"minecraft:walk_one_cm":207224,"minecraft:damage_blocked_by_shield":60,"minecraft:drop":22,"minecraft:talked_to_villager":2,"minecraft:play_time":168314,"minecraft:deaths":4,"minecraft:sneak_time":19025,"minecraft:walk_under_water_one_cm":13508,"minecraft:jump":1954,"minecraft:interact_with_blast_furnace":2,"minecraft:walk_on_water_one_cm":29139,"minecraft:total_world_time":168314,"minecraft:interact_with_furnace":15,"minecraft:sleep_in_bed":14,"minecraft:time_since_rest":720,"minecraft:damage_taken":2253,"minecraft:damage_dealt":1536,"minecraft:swim_one_cm":11813,"minecraft:fly_one_cm":1071480,"minecraft:open_chest":122,"minecraft:crouch_one_cm":41779,"minecraft:fall_one_cm":49425,"minecraft:inspect_dispenser":8},"minecraft:used":{"minecraft:tuff_bricks":4,"minecraft:chest":51,"minecraft:shield":1,"minecraft:iron_sword":4,"minecraft:stone_hoe":27,"minecraft:trial_key":7,"minecraft:anvil":2,"minecraft:tuff":1,"minecraft:iron_axe":73,"minecraft:grass_block":2,"minecraft:oak_stairs":1,"minecraft:beef":5,"minecraft:oak_sapling":3,"minecraft:furnace":2,"minecraft:dirt_path":1,"minecraft:stone_pickaxe":118,"minecraft:wooden_pickaxe":123,"minecraft:sugar_cane":8,"minecraft:crafting_table":7,"minecraft:blast_furnace":1,"minecraft:oak_log":10,"minecraft:ominous_trial_key":3,"minecraft:bread":27,"minecraft:iron_pickaxe":90,"minecraft:stone_axe":69,"minecraft:cobblestone":64},"minecraft:dropped":{"minecraft:dripstone_block":2,"minecraft:acacia_log":4,"minecraft:grass_block":1,"minecraft:torch":112,"minecraft:iron_pickaxe":1,"minecraft:zombie_spawn_egg":1,"minecraft:tuff":6,"minecraft:tipped_arrow":6,"minecraft:oak_sapling":1,"minecraft:chest":1,"minecraft:wooden_pickaxe":1,"minecraft:stone_pickaxe":1},"minecraft:crafted":{"minecraft:oak_planks":88,"minecraft:raw_iron":27,"minecraft:tuff_bricks":4,"minecraft:furnace":2,"minecraft:polished_tuff":60,"minecraft:iron_boots":1,"minecraft:iron_axe":1,"minecraft:stone_pickaxe":3,"minecraft:chest":12,"minecraft:stone_hoe":1,"minecraft:wheat":234,"minecraft:coal_block":1,"minecraft:emerald":27,"minecraft:crafting_table":3,"minecraft:wooden_pickaxe":3,"minecraft:iron_helmet":1,"minecraft:iron_sword":1,"minecraft:stone_axe":1,"minecraft:bread":78,"minecraft:air":0,"minecraft:iron_chestplate":1,"minecraft:shield":1,"minecraft:stick":48,"minecraft:iron_ingot":58,"minecraft:iron_pickaxe":2,"minecraft:iron_block":3,"minecraft:iron_leggings":1,"minecraft:anvil":1,"minecraft:acacia_planks":60,"minecraft:torch":112},"minecraft:picked_up":{"minecraft:crafting_table":2,"minecraft:iron_chestplate":1,"minecraft:chicken":8,"minecraft:wooden_pickaxe":2,"minecraft:oak_stairs":2,"minecraft:enchanted_book":2,"minecraft:music_disc_creator":2,"minecraft:shield":1,"minecraft:wind_charge":70,"minecraft:iron_axe":6,"minecraft:iron_leggings":1,"minecraft:cobbled_deepslate":44,"minecraft:smooth_stone":16,"minecraft:beef":7,"minecraft:trial_key":2,"minecraft:iron_pickaxe":1,"minecraft:enchanted_golden_apple":2,"minecraft:sugar_cane":30,"minecraft:chest":3,"minecraft:iron_boots":1,"minecraft:tipped_arrow":28,"minecraft:stick":17,"minecraft:raw_iron":100,"minecraft:oak_fence":1,"minecraft:torch":1,"minecraft:acacia_log":74,"minecraft:fire_charge":8,"minecraft:music_disc_creator_music_box":2,"minecraft:honey_bottle":4,"minecraft:arrow":79,"minecraft:rotten_flesh":7,"minecraft:hay_block":26,"minecraft:flow_armor_trim_smithing_template":2,"minecraft:gold_ingot":6,"minecraft:mutton":4,"minecraft:cobblestone":91,"minecraft:white_wool":2,"minecraft:feather":12,"minecraft:water_bucket":1,"minecraft:salmon":2,"minecraft:leather":8,"minecraft:tuff":67,"minecraft:oak_log":20,"minecraft:yellow_bed":1,"minecraft:cobblestone_stairs":9,"minecraft:lapis_lazuli":8,"minecraft:dirt":58,"minecraft:bone":1,"minecraft:acacia_planks":5,"minecraft:apple":8,"minecraft:wheat_seeds":20,"minecraft:stone_pickaxe":3,"minecraft:iron_ingot":60,"minecraft:guster_banner_pattern":2,"minecraft:bamboo":11,"minecraft:acacia_sapling":4,"minecraft:iron_sword":1,"minecraft:stone_hoe":1,"minecraft:oak_planks":7,"minecraft:honeycomb":2,"minecraft:emerald_block":6,"minecraft:dandelion":1,"minecraft:oak_pressure_plate":1,"minecraft:raw_iron_block":3,"minecraft:dripstone_block":4,"minecraft:spruce_sapling":10,"minecraft:blast_furnace":2,"minecraft:spruce_log":37,"minecraft:mossy_cobblestone":2,"minecraft:diamond":32,"minecraft:iron_helmet":1,"minecraft:crossbow":3,"minecraft:golden_apple":2,"minecraft:emerald":73,"minecraft:bread":133,"minecraft:oak_sapling":4,"minecraft:coal":77,"minecraft:bricks":2,"minecraft:ominous_trial_key":1,"minecraft:ender_pearl":2},"minecraft:killed":{"minecraft:skeleton":1,"minecraft:chicken":4,"minecraft:sheep":1,"minecraft:zombie":4,"minecraft:cow":3}},"DataVersion":3953}