{"stats":{"minecraft:broken":{"minecraft:iron_shovel":1,"minecraft:shears":1,"minecraft:wooden_pickaxe":1,"minecraft:iron_hoe":1},"minecraft:mined":{"minecraft:tuff":7,"minecraft:farmland":28,"minecraft:mossy_cobblestone":1,"minecraft:deepslate_diamond_ore":14,"minecraft:cobblestone_stairs":6,"minecraft:acacia_log":37,"minecraft:grass_block":45,"minecraft:spruce_fence":2,"minecraft:oak_pressure_plate":1,"minecraft:spruce_leaves":132,"minecraft:composter":1,"minecraft:hay_block":122,"minecraft:smooth_stone":8,"minecraft:raw_iron_block":3,"minecraft:spruce_sapling":11,"minecraft:carrots":6,"minecraft:deepslate_lapis_ore":1,"minecraft:dirt_path":1,"minecraft:potatoes":14,"minecraft:vine":1,"minecraft:deepslate_iron_ore":100,"minecraft:oak_stairs":1,"minecraft:stone":42,"minecraft:podzol":7,"minecraft:oak_slab":1,"minecraft:oak_fence":4,"minecraft:crafting_table":2,"minecraft:short_grass":76,"minecraft:blast_furnace":1,"minecraft:chest":2,"minecraft:tall_grass":14,"minecraft:cobblestone":27,"minecraft:sugar_cane":11,"minecraft:bricks":1,"minecraft:wheat":12,"minecraft:spruce_log":249,"minecraft:stripped_oak_wood":1,"minecraft:yellow_bed":1,"minecraft:oak_log":50,"minecraft:coal_ore":58,"minecraft:beetroots":2,"minecraft:gravel":28,"minecraft:dripstone_block":2,"minecraft:dirt":268,"minecraft:oak_leaves":241,"minecraft:deepslate":40},"minecraft:killed_by":{"minecraft:spider":1,"minecraft:skeleton":2,"minecraft:zombie":1},"minecraft:custom":{"minecraft:mob_kills":15,"minecraft:interact_with_anvil":4,"minecraft:interact_with_crafting_table":50,"minecraft:open_barrel":18,"minecraft:leave_game":7,"minecraft:time_since_death":104824,"minecraft:climb_one_cm":3504,"minecraft:sprint_one_cm":462478,"minecraft:walk_one_cm":328491,"minecraft:damage_blocked_by_shield":60,"minecraft:drop":24,"minecraft:talked_to_villager":7,"minecraft:play_time":222314,"minecraft:deaths":4,"minecraft:sneak_time":28488,"minecraft:walk_under_water_one_cm":15205,"minecraft:jump":3101,"minecraft:interact_with_blast_furnace":2,"minecraft:walk_on_water_one_cm":31430,"minecraft:total_world_time":222314,"minecraft:interact_with_furnace":15,"minecraft:sleep_in_bed":18,"minecraft:time_since_rest":375,"minecraft:damage_taken":2564,"minecraft:damage_dealt":1646,"minecraft:swim_one_cm":11813,"minecraft:fly_one_cm":1281776,"minecraft:open_chest":175,"minecraft:crouch_one_cm":84884,"minecraft:fall_one_cm":85062,"minecraft:inspect_dispenser":8},"minecraft:used":{"minecraft:oak_fence":3,"minecraft:tuff_bricks":4,"minecraft:iron_shovel":335,"minecraft:chest":51,"minecraft:shield":1,"minecraft:iron_sword":4,"minecraft:stone_hoe":27,"minecraft:trial_key":7,"minecraft:dirt":106,"minecraft:anvil":2,"minecraft:tuff":1,"minecraft:spruce_fence":38,"minecraft:iron_hoe":288,"minecraft:iron_axe":345,"minecraft:grass_block":2,"minecraft:oak_stairs":1,"minecraft:beef":5,"minecraft:oak_sapling":3,"minecraft:furnace":2,"minecraft:beetroot_seeds":1,"minecraft:potato":67,"minecraft:wheat_seeds":12,"minecraft:water_bucket":5,"minecraft:dirt_path":1,"minecraft:stone_pickaxe":118,"minecraft:wooden_pickaxe":123,"minecraft:sugar_cane":8,"minecraft:oak_leaves":222,"minecraft:vine":1,"minecraft:oak_slab":36,"minecraft:crafting_table":8,"minecraft:blast_furnace":1,"minecraft:shears":238,"minecraft:oak_log":12,"minecraft:ominous_trial_key":3,"minecraft:bread":43,"minecraft:iron_pickaxe":90,"minecraft:spruce_sapling":35,"minecraft:stone_axe":69,"minecraft:cobblestone":64,"minecraft:bucket":6,"minecraft:bone_meal":9},"minecraft:dropped":{"minecraft:dripstone_block":2,"minecraft:acacia_log":4,"minecraft:grass_block":1,"minecraft:torch":112,"minecraft:iron_pickaxe":1,"minecraft:zombie_spawn_egg":1,"minecraft:tuff":6,"minecraft:rotten_flesh":5,"minecraft:tipped_arrow":6,"minecraft:oak_sapling":1,"minecraft:chest":1,"minecraft:wooden_pickaxe":1,"minecraft:stone_pickaxe":1},"minecraft:crafted":{"minecraft:oak_planks":148,"minecraft:raw_iron":27,"minecraft:tuff_bricks":4,"minecraft:furnace":2,"minecraft:spruce_fence":81,"minecraft:polished_tuff":60,"minecraft:iron_boots":1,"minecraft:iron_axe":1,"minecraft:iron_hoe":2,"minecraft:stone_pickaxe":3,"minecraft:chest":12,"minecraft:stone_hoe":1,"minecraft:wheat":1098,"minecraft:coal_block":1,"minecraft:oak_slab":42,"minecraft:emerald":27,"minecraft:crafting_table":4,"minecraft:spruce_planks":400,"minecraft:wooden_pickaxe":3,"minecraft:iron_helmet":1,"minecraft:iron_sword":1,"minecraft:bucket":1,"minecraft:stone_axe":1,"minecraft:bread":366,"minecraft:air":0,"minecraft:iron_chestplate":1,"minecraft:shield":1,"minecraft:stick":104,"minecraft:iron_ingot":58,"minecraft:iron_pickaxe":2,"minecraft:iron_block":3,"minecraft:iron_shovel":2,"minecraft:iron_leggings":1,"minecraft:anvil":1,"minecraft:acacia_planks":60,"minecraft:torch":112,"minecraft:shears":1},"minecraft:picked_up":{"minecraft:crafting_table":2,"minecraft:iron_chestplate":1,"minecraft:chicken":8,"minecraft:wooden_pickaxe":2,"minecraft:oak_stairs":2,"minecraft:enchanted_book":2,"minecraft:music_disc_creator":2,"minecraft:shield":1,"minecraft:wind_charge":70,"minecraft:iron_axe":6,"minecraft:iron_leggings":1,"minecraft:beetroot":1,"minecraft:cobbled_deepslate":44,"minecraft:smooth_stone":16,"minecraft:beef":7,"minecraft:trial_key":2,"minecraft:iron_pickaxe":1,"minecraft:enchanted_golden_apple":2,"minecraft:sugar_cane":30,"minecraft:chest":3,"minecraft:iron_boots":1,"minecraft:egg":1,"minecraft:tipped_arrow":28,"minecraft:stick":29,"minecraft:raw_iron":100,"minecraft:composter":1,"minecraft:oak_fence":4,"minecraft:torch":5,"minecraft:acacia_log":74,"minecraft:spruce_fence":2,"minecraft:fire_charge":8,"minecraft:vine":1,"minecraft:carrot":6,"minecraft:music_disc_creator_music_box":2,"minecraft:honey_bottle":4,"minecraft:arrow":79,"minecraft:rotten_flesh":12,"minecraft:beetroot_seeds":4,"minecraft:hay_block":122,"minecraft:flow_armor_trim_smithing_template":2,"minecraft:gold_ingot":6,"minecraft:mutton":6,"minecraft:cobblestone":91,"minecraft:white_wool":3,"minecraft:feather":12,"minecraft:water_bucket":1,"minecraft:salmon":2,"minecraft:leather":8,"minecraft:potato":36,"minecraft:flint":1,"minecraft:tuff":67,"minecraft:oak_log":50,"minecraft:yellow_bed":1,"minecraft:cobblestone_stairs":9,"minecraft:lapis_lazuli":8,"minecraft:dirt":376,"minecraft:bone":1,"minecraft:acacia_planks":5,"minecraft:apple":8,"minecraft:wheat_seeds":32,"minecraft:stone_pickaxe":3,"minecraft:iron_ingot":60,"minecraft:stripped_oak_wood":1,"minecraft:guster_banner_pattern":2,"minecraft:bamboo":11,"minecraft:acacia_sapling":4,"minecraft:iron_sword":1,"minecraft:stone_hoe":1,"minecraft:oak_planks":7,"minecraft:honeycomb":2,"minecraft:oak_slab":1,"minecraft:emerald_block":6,"minecraft:poisonous_potato":1,"minecraft:gravel":35,"minecraft:dandelion":1,"minecraft:oak_pressure_plate":1,"minecraft:raw_iron_block":3,"minecraft:dripstone_block":4,"minecraft:spruce_sapling":64,"minecraft:blast_furnace":2,"minecraft:spruce_log":247,"minecraft:mossy_cobblestone":2,"minecraft:diamond":32,"minecraft:iron_helmet":1,"minecraft:crossbow":3,"minecraft:bone_meal":9,"minecraft:golden_apple":2,"minecraft:emerald":73,"minecraft:bread":133,"minecraft:oak_sapling":4,"minecraft:coal":77,"minecraft:bricks":2,"minecraft:ominous_trial_key":1,"minecraft:oak_leaves":222,"minecraft:ender_pearl":2},"minecraft:killed":{"minecraft:skeleton":1,"minecraft:chicken":4,"minecraft:sheep":2,"minecraft:zombie":5,"minecraft:cow":3}},"DataVersion":3953}