{"stats":{"minecraft:broken":{"minecraft:iron_shovel":1,"minecraft:shears":1,"minecraft:wooden_pickaxe":1},"minecraft:mined":{"minecraft:tuff":7,"minecraft:mossy_cobblestone":1,"minecraft:deepslate_diamond_ore":14,"minecraft:cobblestone_stairs":6,"minecraft:acacia_log":37,"minecraft:grass_block":19,"minecraft:oak_pressure_plate":1,"minecraft:spruce_leaves":28,"minecraft:hay_block":122,"minecraft:smooth_stone":8,"minecraft:raw_iron_block":3,"minecraft:spruce_sapling":6,"minecraft:carrots":6,"minecraft:deepslate_lapis_ore":1,"minecraft:potatoes":5,"minecraft:vine":1,"minecraft:deepslate_iron_ore":100,"minecraft:oak_stairs":1,"minecraft:stone":42,"minecraft:podzol":7,"minecraft:oak_fence":1,"minecraft:crafting_table":2,"minecraft:short_grass":76,"minecraft:blast_furnace":1,"minecraft:chest":2,"minecraft:tall_grass":14,"minecraft:cobblestone":27,"minecraft:sugar_cane":11,"minecraft:bricks":1,"minecraft:wheat":12,"minecraft:spruce_log":128,"minecraft:yellow_bed":1,"minecraft:oak_log":20,"minecraft:coal_ore":58,"minecraft:beetroots":2,"minecraft:gravel":28,"minecraft:dripstone_block":2,"minecraft:dirt":237,"minecraft:oak_leaves":241,"minecraft:deepslate":40},"minecraft:killed_by":{"minecraft:spider":1,"minecraft:skeleton":2,"minecraft:zombie":1},"minecraft:custom":{"minecraft:mob_kills":13,"minecraft:interact_with_anvil":4,"minecraft:interact_with_crafting_table":43,"minecraft:open_barrel":18,"minecraft:leave_game":7,"minecraft:time_since_death":74824,"minecraft:climb_one_cm":3504,"minecraft:sprint_one_cm":347389,"minecraft:walk_one_cm":256380,"minecraft:damage_blocked_by_shield":60,"minecraft:drop":24,"minecraft:talked_to_villager":2,"minecraft:play_time":192314,"minecraft:deaths":4,"minecraft:sneak_time":24264,"minecraft:walk_under_water_one_cm":15205,"minecraft:jump":2426,"minecraft:interact_with_blast_furnace":2,"minecraft:walk_on_water_one_cm":29689,"minecraft:total_world_time":192314,"minecraft:interact_with_furnace":15,"minecraft:sleep_in_bed":15,"minecraft:time_since_rest":10819,"minecraft:damage_taken":2454,"minecraft:damage_dealt":1536,"minecraft:swim_one_cm":11813,"minecraft:fly_one_cm":1148018,"minecraft:open_chest":151,"minecraft:crouch_one_cm":66428,"minecraft:fall_one_cm":60229,"minecraft:inspect_dispenser":8},"minecraft:used":{"minecraft:tuff_bricks":4,"minecraft:iron_shovel":250,"minecraft:chest":51,"minecraft:shield":1,"minecraft:iron_sword":4,"minecraft:stone_hoe":27,"minecraft:trial_key":7,"minecraft:dirt":10,"minecraft:anvil":2,"minecraft:tuff":1,"minecraft:iron_hoe":114,"minecraft:iron_axe":162,"minecraft:grass_block":2,"minecraft:oak_stairs":1,"minecraft:beef":5,"minecraft:oak_sapling":3,"minecraft:furnace":2,"minecraft:beetroot_seeds":1,"minecraft:potato":26,"minecraft:wheat_seeds":12,"minecraft:water_bucket":3,"minecraft:dirt_path":1,"minecraft:stone_pickaxe":118,"minecraft:wooden_pickaxe":123,"minecraft:sugar_cane":8,"minecraft:oak_leaves":222,"minecraft:vine":1,"minecraft:crafting_table":7,"minecraft:blast_furnace":1,"minecraft:shears":238,"minecraft:oak_log":10,"minecraft:ominous_trial_key":3,"minecraft:bread":34,"minecraft:iron_pickaxe":90,"minecraft:spruce_sapling":19,"minecraft:stone_axe":69,"minecraft:cobblestone":64,"minecraft:bucket":4,"minecraft:bone_meal":9},"minecraft:dropped":{"minecraft:dripstone_block":2,"minecraft:acacia_log":4,"minecraft:grass_block":1,"minecraft:torch":112,"minecraft:iron_pickaxe":1,"minecraft:zombie_spawn_egg":1,"minecraft:tuff":6,"minecraft:rotten_flesh":5,"minecraft:tipped_arrow":6,"minecraft:oak_sapling":1,"minecraft:chest":1,"minecraft:wooden_pickaxe":1,"minecraft:stone_pickaxe":1},"minecraft:crafted":{"minecraft:oak_planks":88,"minecraft:raw_iron":27,"minecraft:tuff_bricks":4,"minecraft:furnace":2,"minecraft:polished_tuff":60,"minecraft:iron_boots":1,"minecraft:iron_axe":1,"minecraft:iron_hoe":1,"minecraft:stone_pickaxe":3,"minecraft:chest":12,"minecraft:stone_hoe":1,"minecraft:wheat":1098,"minecraft:coal_block":1,"minecraft:emerald":27,"minecraft:crafting_table":3,"minecraft:spruce_planks":4,"minecraft:wooden_pickaxe":3,"minecraft:iron_helmet":1,"minecraft:iron_sword":1,"minecraft:bucket":1,"minecraft:stone_axe":1,"minecraft:bread":366,"minecraft:air":0,"minecraft:iron_chestplate":1,"minecraft:shield":1,"minecraft:stick":52,"minecraft:iron_ingot":58,"minecraft:iron_pickaxe":2,"minecraft:iron_block":3,"minecraft:iron_shovel":1,"minecraft:iron_leggings":1,"minecraft:anvil":1,"minecraft:acacia_planks":60,"minecraft:torch":112,"minecraft:shears":1},"minecraft:picked_up":{"minecraft:crafting_table":2,"minecraft:iron_chestplate":1,"minecraft:chicken":8,"minecraft:wooden_pickaxe":2,"minecraft:oak_stairs":2,"minecraft:enchanted_book":2,"minecraft:music_disc_creator":2,"minecraft:shield":1,"minecraft:wind_charge":70,"minecraft:iron_axe":6,"minecraft:iron_leggings":1,"minecraft:beetroot":1,"minecraft:cobbled_deepslate":44,"minecraft:smooth_stone":16,"minecraft:beef":7,"minecraft:trial_key":2,"minecraft:iron_pickaxe":1,"minecraft:enchanted_golden_apple":2,"minecraft:sugar_cane":30,"minecraft:chest":3,"minecraft:iron_boots":1,"minecraft:egg":1,"minecraft:tipped_arrow":28,"minecraft:stick":17,"minecraft:raw_iron":100,"minecraft:oak_fence":1,"minecraft:torch":1,"minecraft:acacia_log":74,"minecraft:fire_charge":8,"minecraft:vine":1,"minecraft:carrot":6,"minecraft:music_disc_creator_music_box":2,"minecraft:honey_bottle":4,"minecraft:arrow":79,"minecraft:rotten_flesh":10,"minecraft:beetroot_seeds":4,"minecraft:hay_block":122,"minecraft:flow_armor_trim_smithing_template":2,"minecraft:gold_ingot":6,"minecraft:mutton":4,"minecraft:cobblestone":91,"minecraft:white_wool":2,"minecraft:feather":12,"minecraft:water_bucket":1,"minecraft:salmon":2,"minecraft:leather":8,"minecraft:potato":6,"minecraft:flint":1,"minecraft:tuff":67,"minecraft:oak_log":20,"minecraft:yellow_bed":1,"minecraft:cobblestone_stairs":9,"minecraft:lapis_lazuli":8,"minecraft:dirt":290,"minecraft:bone":1,"minecraft:acacia_planks":5,"minecraft:apple":8,"minecraft:wheat_seeds":32,"minecraft:stone_pickaxe":3,"minecraft:iron_ingot":60,"minecraft:guster_banner_pattern":2,"minecraft:bamboo":11,"minecraft:acacia_sapling":4,"minecraft:iron_sword":1,"minecraft:stone_hoe":1,"minecraft:oak_planks":7,"minecraft:honeycomb":2,"minecraft:emerald_block":6,"minecraft:gravel":35,"minecraft:dandelion":1,"minecraft:oak_pressure_plate":1,"minecraft:raw_iron_block":3,"minecraft:dripstone_block":4,"minecraft:spruce_sapling":20,"minecraft:blast_furnace":2,"minecraft:spruce_log":126,"minecraft:mossy_cobblestone":2,"minecraft:diamond":32,"minecraft:iron_helmet":1,"minecraft:crossbow":3,"minecraft:bone_meal":9,"minecraft:golden_apple":2,"minecraft:emerald":73,"minecraft:bread":133,"minecraft:oak_sapling":4,"minecraft:coal":77,"minecraft:bricks":2,"minecraft:ominous_trial_key":1,"minecraft:oak_leaves":222,"minecraft:ender_pearl":2},"minecraft:killed":{"minecraft:skeleton":1,"minecraft:chicken":4,"minecraft:sheep":1,"minecraft:zombie":4,"minecraft:cow":3}},"DataVersion":3953}