{"stats":{"minecraft:broken":{"minecraft:iron_shovel":1,"minecraft:shears":1,"minecraft:wooden_pickaxe":1,"minecraft:iron_hoe":1},"minecraft:mined":{"minecraft:tuff":7,"minecraft:spruce_planks":4,"minecraft:farmland":28,"minecraft:mossy_cobblestone":1,"minecraft:deepslate_diamond_ore":14,"minecraft:cobblestone_stairs":6,"minecraft:acacia_log":37,"minecraft:grass_block":108,"minecraft:spruce_fence":2,"minecraft:oak_pressure_plate":1,"minecraft:spruce_leaves":144,"minecraft:composter":1,"minecraft:hay_block":122,"minecraft:smooth_stone":8,"minecraft:raw_iron_block":3,"minecraft:spruce_sapling":16,"minecraft:carrots":6,"minecraft:iron_ore":4,"minecraft:deepslate_lapis_ore":1,"minecraft:potatoes":72,"minecraft:deepslate_iron_ore":100,"minecraft:vine":1,"minecraft:dirt_path":9,"minecraft:oak_stairs":1,"minecraft:stone":83,"minecraft:podzol":7,"minecraft:oak_slab":1,"minecraft:oak_fence":4,"minecraft:crafting_table":2,"minecraft:short_grass":77,"minecraft:blast_furnace":1,"minecraft:chest":2,"minecraft:tall_grass":14,"minecraft:cobblestone":27,"minecraft:sugar_cane":11,"minecraft:bricks":1,"minecraft:wheat":12,"minecraft:spruce_log":292,"minecraft:stripped_oak_wood":1,"minecraft:yellow_bed":1,"minecraft:oak_log":50,"minecraft:coal_ore":58,"minecraft:beetroots":2,"minecraft:gravel":28,"minecraft:dripstone_block":2,"minecraft:dirt":280,"minecraft:oak_leaves":241,"minecraft:deepslate":40},"minecraft:killed_by":{"minecraft:spider":1,"minecraft:skeleton":2,"minecraft:zombie":1},"minecraft:custom":{"minecraft:interact_with_anvil":4,"minecraft:mob_kills":16,"minecraft:interact_with_crafting_table":52,"minecraft:open_barrel":24,"minecraft:leave_game":9,"minecraft:time_since_death":270851,"minecraft:climb_one_cm":3504,"minecraft:sprint_one_cm":660074,"minecraft:walk_one_cm":727592,"minecraft:damage_blocked_by_shield":120,"minecraft:drop":28,"minecraft:talked_to_villager":7,"minecraft:play_time":388341,"minecraft:sneak_time":52943,"minecraft:deaths":4,"minecraft:walk_under_water_one_cm":17521,"minecraft:jump":4170,"minecraft:interact_with_blast_furnace":2,"minecraft:walk_on_water_one_cm":32083,"minecraft:total_world_time":388341,"minecraft:interact_with_furnace":15,"minecraft:sleep_in_bed":24,"minecraft:time_since_rest":8245,"minecraft:damage_taken":3022,"minecraft:damage_dealt":1973,"minecraft:swim_one_cm":11813,"minecraft:fly_one_cm":1973932,"minecraft:open_chest":202,"minecraft:crouch_one_cm":173352,"minecraft:fall_one_cm":100112,"minecraft:inspect_dispenser":8},"minecraft:used":{"minecraft:oak_fence":3,"minecraft:tuff_bricks":4,"minecraft:iron_shovel":419,"minecraft:spruce_slab":98,"minecraft:chest":235,"minecraft:spruce_planks":2091,"minecraft:shield":2,"minecraft:iron_sword":4,"minecraft:stone_hoe":27,"minecraft:trial_key":7,"minecraft:netherrack":1,"minecraft:torch":16,"minecraft:dirt":106,"minecraft:anvil":2,"minecraft:spruce_stairs":657,"minecraft:tuff":1,"minecraft:spruce_fence":65,"minecraft:glass":7,"minecraft:iron_hoe":298,"minecraft:lantern":25,"minecraft:iron_axe":396,"minecraft:oak_stairs":1,"minecraft:grass_block":12,"minecraft:barrel":20,"minecraft:beef":5,"minecraft:oak_sapling":3,"minecraft:furnace":36,"minecraft:beetroot_seeds":1,"minecraft:potato":168,"minecraft:wheat_seeds":12,"minecraft:water_bucket":10,"minecraft:dirt_path":1,"minecraft:stone_pickaxe":118,"minecraft:wooden_pickaxe":123,"minecraft:sugar_cane":8,"minecraft:oak_leaves":222,"minecraft:vine":1,"minecraft:oak_slab":114,"minecraft:crafting_table":8,"minecraft:blast_furnace":1,"minecraft:painting":1,"minecraft:spruce_log":482,"minecraft:shears":238,"minecraft:oak_log":12,"minecraft:diamond_pickaxe":4,"minecraft:ominous_trial_key":3,"minecraft:bread":55,"minecraft:brown_stained_glass":13,"minecraft:iron_pickaxe":182,"minecraft:spruce_trapdoor":187,"minecraft:spruce_sapling":60,"minecraft:stone_axe":69,"minecraft:brown_stained_glass_pane":21,"minecraft:cobblestone":64,"minecraft:chain":46,"minecraft:bucket":11,"minecraft:glass_pane":49,"minecraft:bone_meal":9},"minecraft:dropped":{"minecraft:dripstone_block":2,"minecraft:spruce_stairs":1,"minecraft:acacia_log":4,"minecraft:grass_block":1,"minecraft:torch":113,"minecraft:iron_pickaxe":1,"minecraft:spruce_sapling":12,"minecraft:zombie_spawn_egg":1,"minecraft:tuff":6,"minecraft:rotten_flesh":5,"minecraft:tipped_arrow":6,"minecraft:diamond_pickaxe":1,"minecraft:oak_sapling":1,"minecraft:chest":1,"minecraft:wooden_pickaxe":1,"minecraft:stone_pickaxe":1},"minecraft:crafted":{"minecraft:oak_planks":148,"minecraft:raw_iron":27,"minecraft:tuff_bricks":4,"minecraft:furnace":2,"minecraft:spruce_fence":81,"minecraft:polished_tuff":60,"minecraft:iron_boots":1,"minecraft:iron_axe":1,"minecraft:iron_hoe":2,"minecraft:stone_pickaxe":3,"minecraft:chest":12,"minecraft:stone_hoe":1,"minecraft:wheat":1098,"minecraft:coal_block":1,"minecraft:oak_slab":42,"minecraft:emerald":27,"minecraft:crafting_table":4,"minecraft:spruce_planks":764,"minecraft:wooden_pickaxe":3,"minecraft:iron_helmet":1,"minecraft:iron_sword":1,"minecraft:bucket":1,"minecraft:stone_axe":1,"minecraft:bread":366,"minecraft:air":0,"minecraft:iron_chestplate":1,"minecraft:shield":1,"minecraft:stick":104,"minecraft:iron_ingot":58,"minecraft:iron_pickaxe":3,"minecraft:iron_block":3,"minecraft:iron_shovel":2,"minecraft:iron_leggings":1,"minecraft:anvil":1,"minecraft:acacia_planks":60,"minecraft:torch":112,"minecraft:shears":1},"minecraft:picked_up":{"minecraft:iron_chestplate":1,"minecraft:crafting_table":2,"minecraft:chicken":8,"minecraft:wooden_pickaxe":2,"minecraft:oak_stairs":2,"minecraft:enchanted_book":2,"minecraft:music_disc_creator":2,"minecraft:shield":1,"minecraft:wind_charge":70,"minecraft:iron_axe":6,"minecraft:iron_leggings":1,"minecraft:beetroot":1,"minecraft:cobbled_deepslate":44,"minecraft:smooth_stone":16,"minecraft:spruce_planks":4,"minecraft:beef":7,"minecraft:trial_key":2,"minecraft:iron_pickaxe":1,"minecraft:enchanted_golden_apple":2,"minecraft:sugar_cane":30,"minecraft:chest":3,"minecraft:iron_boots":1,"minecraft:egg":1,"minecraft:tipped_arrow":28,"minecraft:stick":40,"minecraft:raw_iron":114,"minecraft:composter":1,"minecraft:oak_fence":4,"minecraft:torch":6,"minecraft:acacia_log":74,"minecraft:spruce_stairs":1,"minecraft:spruce_fence":2,"minecraft:fire_charge":8,"minecraft:vine":1,"minecraft:carrot":6,"minecraft:music_disc_creator_music_box":2,"minecraft:rotten_flesh":12,"minecraft:honey_bottle":4,"minecraft:arrow":83,"minecraft:beetroot_seeds":4,"minecraft:hay_block":122,"minecraft:flow_armor_trim_smithing_template":2,"minecraft:gold_ingot":6,"minecraft:mutton":6,"minecraft:white_wool":3,"minecraft:cobblestone":131,"minecraft:feather":12,"minecraft:water_bucket":1,"minecraft:salmon":2,"minecraft:leather":8,"minecraft:potato":239,"minecraft:flint":1,"minecraft:tuff":67,"minecraft:oak_log":50,"minecraft:yellow_bed":1,"minecraft:cobblestone_stairs":9,"minecraft:lapis_lazuli":8,"minecraft:dirt":458,"minecraft:lantern":2,"minecraft:bone":1,"minecraft:acacia_planks":5,"minecraft:apple":8,"minecraft:wheat_seeds":32,"minecraft:iron_ingot":60,"minecraft:stone_pickaxe":3,"minecraft:guster_banner_pattern":2,"minecraft:stripped_oak_wood":1,"minecraft:bamboo":11,"minecraft:iron_sword":1,"minecraft:stone_hoe":1,"minecraft:oak_planks":7,"minecraft:honeycomb":2,"minecraft:acacia_sapling":4,"minecraft:oak_slab":1,"minecraft:emerald_block":6,"minecraft:gravel":35,"minecraft:oak_pressure_plate":1,"minecraft:dandelion":1,"minecraft:poisonous_potato":2,"minecraft:raw_iron_block":3,"minecraft:dripstone_block":4,"minecraft:spruce_sapling":84,"minecraft:blast_furnace":2,"minecraft:spruce_log":289,"minecraft:mossy_cobblestone":2,"minecraft:diamond":32,"minecraft:iron_helmet":1,"minecraft:crossbow":3,"minecraft:bone_meal":9,"minecraft:golden_apple":2,"minecraft:emerald":73,"minecraft:bread":133,"minecraft:diamond_pickaxe":2,"minecraft:oak_sapling":4,"minecraft:bricks":2,"minecraft:ominous_trial_key":1,"minecraft:coal":77,"minecraft:oak_leaves":222,"minecraft:ender_pearl":2},"minecraft:killed":{"minecraft:skeleton":2,"minecraft:chicken":4,"minecraft:sheep":2,"minecraft:zombie":5,"minecraft:cow":3}},"DataVersion":3953}